listing_id,avg_sentiment_score,proportion_positive
70820,0.8707813793103447,0.993103448275862
117122,0.9174935714285716,0.9928571428571429
176306,0.8226657894736844,0.9473684210526315
307634,0.8711222222222221,0.9444444444444444
322906,0.9093797468354431,0.9620253164556962
341227,0.8799303797468356,0.9746835443037974
390781,0.8320666666666666,0.9696969696969697
399681,0.9247068965517239,0.9655172413793104
407485,0.9123960000000002,1.0
421205,0.9137751937984495,0.9844961240310077
422956,0.9197880877742947,0.9968652037617555
554813,0.9159550802139036,0.983957219251337
753655,0.8789476562499995,0.98046875
758894,0.8812045212765955,0.9893617021276596
868888,0.8112333333333334,0.8888888888888888
870076,0.8671422077922077,0.9935064935064936
897555,0.8098446153846153,0.9692307692307692
942226,0.9164168141592923,1.0
979236,0.8914201219512198,0.9817073170731707
995235,0.8824019455252918,0.9844357976653697
1033484,0.9247528428093645,0.9966555183946488
1096853,0.8643058355437664,0.9840848806366048
1096947,0.8462686390532546,0.9733727810650887
1166104,0.9336931506849315,1.0
1180148,0.8930214285714285,0.9285714285714286
1182074,0.8289833333333334,1.0
1258955,0.861065671641791,0.9850746268656716
1260621,0.8169926470588237,0.9705882352941176
1329265,0.9221577142857149,0.9885714285714285
1457693,0.8357076923076924,1.0
1509615,0.9140026666666671,0.9980952380952381
1623879,0.8526078125000001,0.9921875
1882491,0.896325,1.0
1906645,0.9266230769230768,1.0
2164660,0.8897847953216375,0.9941520467836257
2235568,0.9046694214876033,0.9834710743801653
2404407,0.8757590909090905,0.9659090909090909
2446524,0.6422500000000001,0.8125
2523293,0.8845405405405407,0.9819819819819819
2530244,0.6933285714285714,0.8571428571428571
2548956,0.8216765182186235,0.9878542510121457
2655363,0.8333166666666667,1.0
2780689,0.866621138211382,0.9796747967479674
2819807,0.8581374125874129,0.9790209790209791
3118604,0.8371422535211261,0.971830985915493
3365141,0.88704596273292,0.9937888198757764
3457246,0.8600703703703704,0.9629629629629629
3468287,0.844110126582278,0.9746835443037974
3490531,0.8244999999999998,0.9090909090909091
3490779,0.8871888888888895,0.985663082437276
3545386,0.9281117647058824,1.0
3620755,0.920172352941177,0.9970588235294118
3635586,0.8340486111111112,0.9444444444444444
3879902,0.9313166666666671,1.0
3906876,0.8330552631578949,0.9473684210526315
3960179,0.0,0.0
4086139,0.8954831081081078,0.9932432432432432
4130880,0.9215743718592968,0.9949748743718593
4207614,0.8398979310344827,0.993103448275862
4315598,0.9247815625000003,1.0
4466441,0.8586726190476184,0.9761904761904762
4521395,0.7838939999999995,0.95
4542428,0.9072829268292681,1.0
4543852,0.898675897435897,0.9923076923076923
4570407,0.8846851851851852,0.9629629629629629
4592103,0.8811896551724141,0.9885057471264368
5027387,0.9316505376344087,0.989247311827957
5267860,0.9177771653543308,1.0
5295347,0.9099941176470584,0.9941176470588236
5393069,0.8905446254071662,0.996742671009772
5441708,0.8664112903225802,0.9838709677419355
5503904,0.8403631578947369,0.9824561403508771
5566863,0.9229333333333334,1.0
5613882,0.8902446808510635,0.9787234042553191
5649344,0.9119250000000002,0.9583333333333334
5752786,0.8257584615384617,0.9692307692307692
5890872,0.8531658436213988,0.9794238683127572
5984540,0.9034478260869567,0.9960474308300395
6102243,0.8505385964912281,0.9824561403508771
6127021,0.8799185185185182,0.9629629629629629
6307289,0.8376666666666667,1.0
6347144,0.8646495495495494,0.9819819819819819
6362232,0.9115841237113405,0.9979381443298969
6376019,0.6616399999999999,0.8
6388411,0.8700723404255316,0.9840425531914894
6406525,0.9327294117647059,1.0
6524307,0.7956939393939393,1.0
6568875,0.8896936000000002,0.976
6613273,0.30242,0.4
6654903,0.9123145161290322,1.0
6668238,0.9076999999999997,0.9836065573770492
6818070,0.8382266666666667,0.95
6874942,0.9033557926829263,0.9939024390243902
7059500,0.8515425531914899,0.9929078014184397
7120612,0.8874615384615385,0.9230769230769231
7126385,0.8813625000000002,1.0
7141508,0.8772084337349394,0.9879518072289156
7159559,0.8292590038314177,0.9923371647509579
7333434,0.8603971830985911,0.9929577464788732
7366399,0.7382272727272728,0.8181818181818182
7590718,0.8912652818991101,0.9910979228486647
7591680,0.9673499999999998,1.0
7592135,0.9342349999999998,1.0
7677840,0.9093449101796404,0.9940119760479041
7784124,0.910514444444445,0.9888888888888889
7794516,0.7496074074074075,0.8765432098765432
7824532,0.8300999999999998,1.0
7883245,0.8713542372881354,0.9830508474576272
7883328,0.7962199999999999,0.9285714285714286
7900542,0.894204081632653,0.9931972789115646
7909436,0.8337990415335462,0.987220447284345
8025707,0.8650955128205126,0.9807692307692307
8142384,0.0,0.0
8161251,0.8788044444444444,0.9888888888888889
8248341,0.891834090909091,0.9772727272727273
8360999,0.813574193548387,0.9354838709677419
8418255,0.6460114285714286,0.8571428571428571
8418781,0.8295333333333333,1.0
8459588,0.7492777777777777,0.8333333333333334
8529713,0.9006928571428573,1.0
8544115,0.8470380645161294,0.9870967741935484
8560539,0.8781515624999996,0.984375
8560605,0.8416454918032792,0.9754098360655737
8561053,0.8703261904761902,0.9841269841269841
8578293,0.8526579999999998,1.0
8776062,0.7670411764705882,0.9411764705882353
8787399,0.8362096774193549,0.967741935483871
8967035,0.8409371428571432,0.9714285714285714
8967044,0.8551000000000001,0.9655172413793104
8998759,0.7143941176470588,0.8823529411764706
9311416,0.8570430769230768,1.0
9328461,0.8647355932203392,0.9830508474576272
9345415,0.8419147727272729,0.9545454545454546
9408981,0.8295787735849055,0.9811320754716981
9521652,0.855893838862559,0.990521327014218
9559959,0.8440741741741741,0.978978978978979
9598461,0.947875,1.0
9703291,0.8892021739130432,1.0
9751748,0.882,1.0
9899518,0.8773787878787882,0.9797979797979798
9905613,0.913216393442623,1.0
9994005,0.8660296296296296,0.9629629629629629
10084839,0.9384777777777779,1.0
10226253,0.855315,0.975
10261054,0.8859578947368422,1.0
10267156,0.9034718749999998,1.0
10273706,0.8303239436619717,0.9577464788732394
10338400,0.8674578313253009,0.9759036144578314
10521519,0.8542474074074072,0.9925925925925926
10566844,0.8240310810810807,0.9864864864864865
10576200,0.8820359999999999,0.96
10604670,0.13498000000000002,0.4
10604998,0.5994,1.0
10605969,0.4082,0.5
10666028,0.8732199999999997,0.9894736842105263
10671535,0.9024991341991342,0.987012987012987
11029635,0.9403400000000001,1.0
11086498,0.8915707692307692,0.9846153846153847
11255331,0.8091701298701299,0.974025974025974
11264516,0.943826923076923,1.0
11311871,0.9013948387096772,0.9935483870967742
11382588,0.658075,0.75
11395576,0.912625925925926,1.0
11417033,0.8075937282229965,0.9651567944250871
11451676,0.888925806451613,0.9354838709677419
11529140,0.847917127071823,0.988950276243094
11543241,0.9069036363636365,0.990909090909091
11620357,0.8237416666666668,0.9583333333333334
11655698,0.8466599999999997,1.0
11676391,0.8532571428571429,1.0
11676688,0.8539548387096773,1.0
11720290,0.8624843137254902,0.9607843137254902
11740175,0.8789446280991734,0.9710743801652892
11864632,0.8564617424242426,0.9943181818181818
11901776,0.8026134999999995,0.975
11959737,0.8991200000000001,0.975
12013639,0.7927207547169814,0.9433962264150944
12100361,0.8375277777777779,0.9444444444444444
12143469,0.7548863905325442,0.9349112426035503
12163884,0.7353,0.875
12187361,0.7785608974358978,0.9711538461538461
12203726,0.8445105882352942,0.9764705882352941
12240334,0.7924042553191488,0.9361702127659575
12421850,0.7501703703703704,0.9629629629629629
12422528,0.7312660377358492,0.9056603773584906
12589732,0.9276068965517241,1.0
12589759,0.8828135135135134,1.0
12828793,0.8908561643835616,0.9954337899543378
12840625,0.9101999999999998,1.0
12987193,0.8728965116279069,0.9534883720930233
12999409,0.7769066666666665,0.9333333333333333
13026925,0.8672827586206896,0.9885057471264368
13041518,0.9513533333333335,1.0
13086182,0.7888955223880599,0.9925373134328358
13098157,0.9356666666666668,1.0
13119191,0.877806666666667,1.0
13237892,0.8723734177215186,0.9915611814345991
13269461,0.8576953642384106,0.9933774834437086
13290486,0.8751460784313725,0.9901960784313726
13294974,0.9133083333333333,0.9791666666666666
13476552,0.9260833333333333,1.0
13500079,0.94296,1.0
13573568,0.8916555555555556,1.0
13574823,0.8405195652173916,0.9565217391304348
13601728,0.7585,1.0
13636571,0.8786218181818177,1.0
13792660,0.8702500000000001,1.0
13843140,0.8102649350649358,0.987012987012987
13844007,0.8897492957746476,0.9859154929577465
13909207,0.8400787234042553,0.9361702127659575
13909216,0.8961383333333334,0.9833333333333333
13930579,0.846025,0.9166666666666666
13970388,0.8896,1.0
13976516,0.9150857142857144,0.9841269841269841
13982286,0.9032269841269839,0.9841269841269841
14074457,0.8835366666666667,0.9866666666666667
14086064,0.8669753086419754,1.0
14101667,0.7331833333333333,0.9444444444444444
14114474,0.8644628571428571,0.9714285714285714
14179408,0.748628947368421,0.9342105263157895
14210636,0.9376454545454546,1.0
14277792,0.8908407407407404,1.0
14286719,0.8913958333333335,1.0
14338836,0.9304454545454547,1.0
14350530,0.8924468085106386,0.9946808510638298
14357545,0.8580215686274508,1.0
14385904,0.8359912751677855,0.9865771812080537
14390717,0.8248080459770114,0.9770114942528736
14442814,0.8641849206349204,0.9920634920634921
14449158,0.7124600000000001,0.8
14469994,0.8998122807017545,1.0
14599886,0.7853990990990993,0.954954954954955
14600513,0.8458,1.0
14611969,0.8613335,0.99
14627596,0.8736349999999997,0.9928571428571429
14646026,0.7831549999999997,0.95
14661261,0.7379199999999999,0.8
14674939,0.8684089285714282,0.9821428571428571
14710856,0.862404098360656,0.9713114754098361
14782044,0.729572151898734,0.9493670886075949
14798581,0.8811148148148148,0.9629629629629629
14854388,0.8218937499999999,0.95
14872063,0.89485,1.0
14876760,0.8325333333333332,0.9841269841269841
14913567,0.8336031645569619,0.9873417721518988
14943195,0.7705262295081968,0.9508196721311475
14970779,0.8352240740740741,0.9629629629629629
14994706,0.8980214876033055,1.0
14998783,0.7595208333333335,0.9583333333333334
14998788,0.7027814814814813,0.8148148148148148
15033365,0.8466678571428572,0.9642857142857143
15173808,0.5750500000000001,0.823076923076923
15223307,0.8713155844155844,0.974025974025974
15223965,0.8267661538461538,0.9846153846153847
15227718,0.8022881458966563,0.9574468085106383
15327120,0.8280285714285716,0.9714285714285714
15372024,0.8759383561643835,0.9863013698630136
15389056,0.8376458598726115,0.9872611464968153
15397477,0.797756862745098,0.9411764705882353
15397829,0.8475880952380953,0.9761904761904762
15429183,0.9157222222222221,1.0
15451351,0.6524478260869566,0.8260869565217391
15476981,0.8603333333333332,0.9696969696969697
15519361,0.8290067226890756,0.9747899159663865
15550502,0.8887233333333333,1.0
15627342,0.7998709219858154,0.950354609929078
15640695,0.8080198198198193,0.954954954954955
15659149,0.9037995049504949,0.995049504950495
15678383,0.9667941176470589,1.0
15710174,0.8391080000000001,0.96
15712549,0.8625679999999999,0.96
15741326,0.8544053571428571,0.9821428571428571
15750112,0.8742666666666667,1.0
15769877,0.8459716666666665,1.0
15784821,0.845387719298246,0.9473684210526315
15811998,0.9006696969696969,1.0
15858299,0.8767079999999997,0.9955555555555555
15869735,0.7934714285714285,0.9591836734693877
15960123,0.8407367647058823,0.9852941176470589
15966667,0.8418126984126982,0.9682539682539683
16094350,0.7880999999999999,0.8888888888888888
16238125,0.8132285714285714,1.0
16305962,0.7624089552238806,0.9701492537313433
16333184,0.0,0.0
16341388,0.776563768115942,0.966183574879227
16360552,0.9428,1.0
16392375,0.0,0.0
16565691,0.833819617224881,0.9760765550239234
16594174,0.95355,1.0
16610405,0.9106375000000001,1.0
16615118,0.8397993527508092,0.9838187702265372
16740034,0.8790504166666667,0.9958333333333333
16802181,0.8994456043956048,0.989010989010989
16853752,0.7194890410958907,0.9246575342465754
16878480,0.97866,1.0
16892292,0.8652833333333332,1.0
16892839,0.8724996434937609,0.9928698752228164
16921208,0.7574558823529413,0.9529411764705882
16921595,0.6150535714285714,0.8571428571428571
16928881,0.9237500000000002,1.0
16935897,0.8077448979591834,0.9727891156462585
16938756,0.8618893203883492,0.970873786407767
17011099,0.8856475095785441,0.9846743295019157
17027997,0.8748235772357723,1.0
17145927,0.8653200000000001,1.0
17174872,0.7969214285714286,0.9285714285714286
17197474,0.8449222222222225,0.9888888888888889
17207071,0.8036158730158723,0.9682539682539683
17208038,0.8886274193548386,1.0
17211150,0.8860394736842105,0.9868421052631579
17247211,0.8772108108108109,1.0
17249897,0.8288112676056334,0.9859154929577465
17252638,0.9027115384615383,1.0
17264539,0.6370928571428571,0.8928571428571429
17282058,0.8348391891891892,0.972972972972973
17306490,0.8487402777777777,0.9722222222222222
17364063,0.85745,1.0
17461146,0.8524024999999998,0.975
17473096,0.8760322580645159,1.0
17473472,0.7661769230769229,0.9316239316239316
17473654,0.8289618181818184,0.9818181818181818
17474149,0.9015342857142857,0.9714285714285714
17509319,0.9291055555555556,1.0
17544688,0.8845535545023697,0.995260663507109
17547854,0.7514839999999999,0.96
17673724,0.8739128113879006,0.9928825622775801
17674434,0.7429275862068966,0.896551724137931
17743506,0.8271776470588235,0.9764705882352941
17763434,0.8510315217391304,0.9891304347826086
17772783,0.8800717171717171,1.0
17777720,0.7749061403508773,0.9649122807017544
17821681,0.8632470588235296,0.9411764705882353
17856888,0.741907142857143,0.9761904761904762
17873393,0.648025,0.8125
17873565,0.7206604651162792,0.8837209302325582
17875060,0.722025,0.9558823529411765
17875182,0.8132698113207545,1.0
17875273,0.7101931506849315,0.9452054794520548
17875408,0.6794179487179481,0.9401709401709402
17875494,0.6905217391304347,0.9347826086956522
17902476,0.8744142857142858,1.0
17998146,0.9018422222222221,1.0
18011612,0.8857432432432433,0.9864864864864865
18037407,0.8742170731707315,1.0
18100599,0.7802244444444445,0.9111111111111111
18109946,0.8863199999999999,1.0
18132590,0.8049669421487604,0.9834710743801653
18224845,0.8788952380952382,1.0
18225225,0.8964473684210525,1.0
18273700,0.6152923076923078,0.8461538461538461
18322187,0.7629787499999996,0.9625
18337691,0.8389866666666668,0.9666666666666667
18392756,0.9421833333333334,1.0
18412099,0.7934699999999999,0.95
18420260,0.8636741935483871,1.0
18444643,0.8113991017964073,0.9730538922155688
18524987,0.8676722222222223,0.9444444444444444
18547368,0.8800581967213114,0.9918032786885246
18558088,0.8312999999999999,1.0
18565235,0.7705888888888889,1.0
18710590,0.8129629464285717,0.9776785714285714
18735148,0.8596333333333334,1.0
18752694,0.7686938202247189,0.9831460674157303
18784940,0.8106935483870965,0.967741935483871
18790572,0.6777000000000001,1.0
18835795,0.9313168831168829,0.987012987012987
18845063,0.8045085106382975,0.9787234042553191
18939856,0.8021293859649126,0.9736842105263158
19001541,0.7208,0.9411764705882353
19025857,0.92842,1.0
19032019,0.7810672131147535,0.9590163934426229
19043909,0.95705,1.0
19108166,0.9741,1.0
19160216,0.8635478260869567,0.9782608695652174
19226068,0.8339740458015267,0.9923664122137404
19232503,0.7401911949685533,0.9308176100628931
19305877,0.8423279411764704,0.9852941176470589
19404132,0.7657625850340135,0.9523809523809523
19438226,0.8831815047021948,0.9780564263322884
19476170,0.9002052083333335,0.9791666666666666
19517152,0.7626666666666667,0.8333333333333334
19618652,0.7545705882352942,0.9477124183006536
19620987,0.871359090909091,0.9545454545454546
19655722,0.7843323529411764,1.0
19667622,0.7508899159663864,0.9411764705882353
19672073,0.8923,1.0
19759338,0.890825,1.0
19765675,0.7090379310344829,0.8620689655172413
19827105,0.0,0.0
19838468,0.6517523809523809,0.9047619047619048
19852820,0.70261914893617,0.9468085106382979
19974475,0.5565111111111112,0.8888888888888888
20003400,0.8694877192982456,0.9824561403508771
20003932,0.8750666666666667,1.0
20021525,0.78076,0.95
20044889,0.8156000000000001,1.0
20111004,0.770374,0.94
20197565,0.7474,1.0
20205033,0.7985947368421054,0.9649122807017544
20220989,0.802145299145299,0.9658119658119658
20224203,0.7870346153846152,0.967948717948718
20224679,0.7703527777777778,0.9722222222222222
20229106,0.8108952380952381,1.0
20230316,0.8475340909090913,1.0
20258290,0.636072,0.88
20259846,0.8502436274509803,0.9705882352941176
20277463,0.8636266666666668,1.0
20278234,0.83041568627451,1.0
20280999,0.8517558139534885,0.9883720930232558
20281138,0.8611921787709499,0.9832402234636871
20316605,0.8446056249999998,1.0
20320907,0.8606440860215052,0.978494623655914
20321220,0.8358030303030302,0.9848484848484849
20397727,0.8909875,1.0
20399382,0.858484955752212,1.0
20415020,0.8475456140350875,0.9824561403508771
20417413,0.8378577777777778,0.9555555555555556
20436880,0.8649826666666667,1.0
20437190,0.808956666666667,0.9555555555555556
20437428,0.9561999999999999,1.0
20438266,0.7477555555555555,0.8888888888888888
20446547,0.7302884615384614,0.9615384615384616
20478546,0.7979035714285715,0.9285714285714286
20492313,0.8881653465346534,1.0
20509647,0.865436861313869,0.9890510948905109
20522167,0.6004562499999999,0.875
20556549,0.8315815789473684,0.9736842105263158
20593169,0.8370191176470586,1.0
20630629,0.8625299145299142,0.9829059829059829
20690169,0.8513435897435898,0.9743589743589743
20695815,0.7894225806451612,0.967741935483871
20701453,0.5883499999999999,0.75
20780388,0.8771712121212122,1.0
20795456,0.8132,0.9545454545454546
20823818,0.7336743362831858,0.9292035398230089
20838917,0.8214136986301367,0.9863013698630136
20878593,0.9207955414012738,0.9936305732484076
20880771,0.7241619565217389,0.9565217391304348
20885758,0.9402708333333337,1.0
20895759,0.824860975609756,1.0
20896470,0.7587338983050846,0.9661016949152542
20980557,0.8088691780821919,0.9726027397260274
21008930,0.8161708333333332,0.9166666666666666
21078143,0.8997330985915494,1.0
21078150,0.8982333333333333,1.0
21108060,0.8152558823529412,1.0
21115860,0.8383499999999999,1.0
21212601,0.8470235294117646,1.0
21217506,0.7921838709677426,0.9539170506912442
21236000,0.8682402439024393,0.9634146341463414
21238496,0.8306495726495725,0.9914529914529915
21245658,0.812547410358566,0.9920318725099602
21248567,0.7405399999999999,0.9142857142857143
21270743,0.7293537037037036,0.9444444444444444
21323449,0.899258536585366,0.991869918699187
21333321,0.7798452991452989,0.9743589743589743
21388405,0.7810291139240507,0.9746835443037974
21431303,0.8853643979057598,0.9947643979057592
21454678,0.8964426666666668,0.9866666666666667
21470866,0.8586709302325582,0.9767441860465116
21499210,0.7884421686746984,0.9698795180722891
21505368,0.9538545454545452,1.0
21507261,-0.3243,0.0
21514520,0.7261730769230769,0.9615384615384616
21545200,0.9549,1.0
21558913,0.8169361702127659,1.0
21591671,0.0,0.0
21625540,0.8086560693641617,0.953757225433526
21644394,0.7986749999999999,0.9166666666666666
21654544,0.8767745098039216,0.9803921568627451
21672041,0.7615529411764705,0.9705882352941176
21672726,0.5951384615384614,0.8846153846153846
21673472,0.0,0.0
21680387,0.7546767441860465,0.9534883720930233
21706600,0.9792,1.0
21763280,0.8532936363636364,0.9818181818181818
21802024,0.8217657142857142,0.9904761904761905
21845207,0.8935541666666663,1.0
21878988,0.8390655000000004,0.98
21882049,0.8013529411764706,0.8823529411764706
21923106,0.8376631578947369,0.9473684210526315
21962768,0.8834,1.0
22055145,0.8453,1.0
22084020,0.90635,1.0
22117011,0.7083166666666667,0.8333333333333334
22154299,0.8166495145631065,0.9951456310679612
22162150,0.8760695652173913,1.0
22237720,0.7898,0.875
22238632,0.7245275000000003,0.925
22256296,0.5754758620689654,0.7931034482758621
22277633,0.765,1.0
22382738,0.7359772727272728,0.9545454545454546
22385419,0.7901274038461537,0.9615384615384616
22477747,0.8871868525896414,0.9960159362549801
22495628,0.8926939393939394,0.9848484848484849
22501693,0.8482212871287127,0.9900990099009901
22575887,0.8971421052631581,1.0
22596557,0.9536,1.0
22625158,0.7448,0.8
22665199,0.6816583333333334,0.9375
22665306,0.7885033333333332,0.9333333333333333
22665590,0.6531146341463414,0.9024390243902439
22665648,0.7431189473684208,0.9368421052631579
22666489,0.7926903954802258,0.9717514124293786
22666598,0.7760759493670885,0.9746835443037974
22666722,0.6844851063829785,0.9361702127659575
22667609,0.7605529411764707,0.9558823529411765
22667854,0.8191424999999999,1.0
22683171,0.8218020000000001,0.98
22724768,0.7946285714285714,0.9285714285714286
22757193,0.54254,0.6
22761591,0.8214606382978726,0.9680851063829787
22813790,0.9101150943396226,1.0
22899007,0.8647108695652174,0.9782608695652174
22932847,0.8029250000000003,1.0
22935217,0.9058364705882351,1.0
22979549,0.931050769230769,1.0
22984209,0.8647618025751074,0.9914163090128756
23003996,0.949381818181818,1.0
23035878,0.8737734463276838,0.9887005649717514
23083602,0.8703296296296297,1.0
23098727,0.85226,0.95
23247590,0.855928,1.0
23286595,0.875659574468085,1.0
23301222,0.15486666666666668,0.5
23318092,0.7495960264900661,0.9470198675496688
23320983,0.8323235294117649,0.9705882352941176
23324294,0.76375,1.0
23342066,0.7966333333333333,1.0
23357622,0.646,0.6666666666666666
23386414,0.8882064516129033,1.0
23455451,0.40786666666666666,0.6666666666666666
23465240,0.889725,1.0
23465782,0.7781499999999999,0.9230769230769231
23554816,0.8107500000000001,0.9634146341463414
23601970,0.98875,1.0
23658661,0.5609,1.0
23674768,0.6982533333333333,0.9666666666666667
23680999,0.7946818181818182,0.9090909090909091
23693305,0.7547235294117646,0.9529411764705882
23709418,0.8449327272727276,1.0
23758696,0.6294566666666667,0.8666666666666667
23779479,0.7661394736842105,0.8947368421052632
23801196,0.7441255172413791,0.9448275862068966
23801290,0.9711,1.0
23801935,0.87815,1.0
23804004,0.8029523809523811,0.9523809523809523
23852889,0.8787666666666661,0.9888888888888889
23910216,0.6415615384615385,0.9230769230769231
23910629,0.658822448979592,0.9183673469387755
23940228,0.8861503759398502,0.9774436090225563
23982376,0.7796372093023256,0.9534883720930233
24006240,0.8485423076923075,0.9615384615384616
24018580,0.8600507246376811,1.0
24055957,0.637195238095238,0.8571428571428571
24119849,0.8803360465116282,1.0
24149408,0.7989129032258064,0.967741935483871
24173958,0.5037222222222222,0.6666666666666666
24174830,0.7598035714285716,0.9642857142857143
24176319,0.9041387096774194,1.0
24197676,0.8319534246575341,1.0
24198779,0.604135294117647,0.8823529411764706
24212234,0.8413444444444443,0.9803921568627451
24216471,0.7838030303030301,0.9696969696969697
24216933,0.6219166666666667,0.8571428571428571
24217586,0.6343208333333333,0.875
24218509,0.711756730769231,0.9326923076923077
24218715,0.6651171428571427,1.0
24219138,0.6990469387755099,0.9183673469387755
24219386,0.8003833333333333,1.0
24219492,0.6701666666666667,0.9333333333333333
24228345,0.6257166666666666,1.0
24228483,0.8980666666666667,1.0
24228551,0.9256,1.0
24238429,0.8811680412371132,1.0
24242456,0.7669153846153847,0.9230769230769231
24257440,0.3676333333333333,0.5
24261328,0.8891249999999999,1.0
24265888,0.8378606060606061,0.9393939393939394
24317219,0.4215,1.0
24374131,0.8237466666666664,1.0
24374815,0.8856859154929578,1.0
24388910,0.6297777777777778,0.8888888888888888
24389014,0.8303673913043476,0.9836956521739131
24394638,0.8415173913043479,0.9855072463768116
24436990,0.9631000000000001,1.0
24456335,0.89028125,1.0
24552065,0.7412216494845357,0.9278350515463918
24562587,0.8175724409448821,0.984251968503937
24661400,0.9006048780487801,1.0
24695216,0.655011111111111,0.8888888888888888
24711575,0.8032,0.9
24722526,0.8669096774193547,1.0
24805794,0.8351607843137254,0.9803921568627451
24890865,0.8632923076923077,1.0
24892608,0.8951199052132705,0.995260663507109
25063942,0.8118725000000001,1.0
25100991,0.8301371428571429,0.9857142857142858
25103488,0.7839684210526318,0.9736842105263158
25281622,0.9019360000000002,1.0
25290797,0.7904589743589744,1.0
25364964,0.7886462365591395,0.967741935483871
25416185,0.6642923076923075,0.8974358974358975
25424957,0.9667538461538462,1.0
25483706,0.0,0.0
25514892,0.9330150000000004,1.0
25527787,0.8260063492063493,0.9682539682539683
25623108,0.8969015151515155,0.9848484848484849
25711296,0.864935135135135,0.972972972972973
25801498,0.790009589041096,0.958904109589041
25820166,0.8741092307692312,0.9846153846153847
25901820,0.8406291666666665,0.9583333333333334
25908248,0.856140909090909,0.9545454545454546
25908808,0.8411315602836877,0.9822695035460993
25910822,0.8910181818181817,1.0
25962515,0.7658461538461537,0.9743589743589743
25967696,0.5273199999999999,0.8
25967724,0.8988999999999999,1.0
25989354,0.8441549019607842,1.0
25993140,0.8126,1.0
26026492,0.792702222222222,0.9777777777777777
26027311,0.8433083333333337,0.9583333333333334
26089261,0.888153846153846,0.9743589743589743
26118967,0.9598,1.0
26228033,0.92846,1.0
26244558,0.8398744186046511,0.9534883720930233
26383914,0.8724968750000002,1.0
26511690,0.6557285714285713,1.0
26635769,0.9040428571428573,1.0
26654473,0.869835135135135,1.0
26703717,0.8080921052631578,0.9473684210526315
26775544,0.7973766666666667,0.9666666666666667
26808715,0.8076666666666666,1.0
26903330,0.8210701754385964,0.9649122807017544
26909454,0.8477058823529412,0.9705882352941176
26956159,0.8186928571428572,0.9285714285714286
26974173,0.7555,1.0
26974850,0.9665,1.0
26986217,0.7352988439306355,0.9364161849710982
26986486,0.6959874074074075,0.9037037037037037
26991056,0.8285571428571427,0.9714285714285714
26991999,0.5368333333333333,0.7777777777777778
27004486,0.8901687999999999,0.992
27021221,0.8380285714285713,1.0
27043484,0.763244827586207,0.9655172413793104
27071310,0.8981875,1.0
27123784,0.6328571428571427,0.8
27130712,0.8150537634408602,0.978494623655914
27135841,0.8593031250000002,1.0
27166864,0.7056166666666668,0.8333333333333334
27183222,0.7666384615384616,0.9743589743589743
27185860,0.6588,1.0
27185919,0.9545,1.0
27202015,0.8596407894736843,0.9868421052631579
27213583,0.701257894736842,0.8947368421052632
27253461,0.859940909090909,1.0
27359648,0.8247103448275857,0.9655172413793104
27389066,0.8268,1.0
27389089,0.61788,0.9
27393534,0.823991538461538,0.9692307692307692
27397464,0.831520588235294,0.9803921568627451
27422098,0.8645333333333333,1.0
27458298,0.8428666666666667,1.0
27477406,0.7526100000000001,0.9571428571428572
27517227,0.9949,1.0
27533077,0.5563,1.0
27550222,0.4884142857142857,0.8571428571428571
27551426,0.6198809523809524,0.8571428571428571
27564448,0.8492757575757576,1.0
27576084,0.7177444444444445,0.8888888888888888
27576492,0.6548928571428572,0.9285714285714286
27576748,0.7233411764705883,1.0
27578596,0.7446153846153846,1.0
27579320,0.6856428571428571,0.9285714285714286
27587231,0.7921857142857144,1.0
27593797,0.7883929824561405,0.9649122807017544
27696670,0.8315919999999997,0.96
27822333,0.7122512820512822,0.9743589743589743
27830397,0.8662442307692308,0.9903846153846154
27849133,0.8472367741935481,1.0
27874379,0.8383333333333333,1.0
27997624,0.8333166666666667,0.9166666666666666
28007880,0.8008014598540142,0.9854014598540146
28094403,0.7983000000000001,0.9411764705882353
28140070,0.67274,0.9
28171946,0.8358964285714284,1.0
28234444,0.8455775862068962,0.9827586206896551
28234833,0.94388,1.0
28253368,0.8295339999999999,0.96
28268730,0.6999588235294116,0.9411764705882353
28269452,0.8850194444444445,0.9722222222222222
28357913,0.6568111111111112,0.9047619047619048
28384744,0.8369184873949578,0.9831932773109243
28397008,0.787281081081081,0.972972972972973
28420022,0.8814270833333332,1.0
28490291,0.8682854838709677,0.9838709677419355
28516856,0.25135,0.5
28535664,0.7949676470588237,0.9705882352941176
28552319,0.8217,1.0
28654560,0.8925148148148151,1.0
28680207,0.704925,0.875
28693309,0.8146421052631581,1.0
28706877,0.6999000000000001,0.8571428571428571
28731987,0.8162416666666666,0.9722222222222222
28781757,0.865027777777778,1.0
28796667,0.8955888888888889,1.0
28798214,0.9285808823529412,1.0
28805647,0.6760833333333333,0.9166666666666666
28806191,0.8198,0.9090909090909091
28850522,0.4969166666666667,0.8333333333333334
28904411,0.7372333333333332,1.0
29087234,0.8609466666666667,1.0
29096844,0.8552200000000001,1.0
29185738,0.8788874999999999,1.0
29257625,0.8097333333333334,1.0
29297609,0.533675,0.8333333333333334
29328660,0.44254642857142856,0.8571428571428571
29389246,0.45655,0.75
29402734,0.9185174999999999,1.0
29414088,0.9662999999999999,1.0
29530787,0.9542200000000001,1.0
29530872,0.5644827586206894,0.896551724137931
29533769,0.670232727272727,0.9272727272727272
29541041,0.9420083333333333,1.0
29542546,0.7697254901960786,0.9215686274509803
29647601,0.9081,1.0
29712563,0.9293944444444444,1.0
29722538,0.7911791666666667,0.9166666666666666
29778582,0.9030795918367347,1.0
29905529,0.7968882352941176,0.9411764705882353
29906542,0.5734333333333335,0.9166666666666666
29941495,0.8071434782608694,0.9782608695652174
29980982,0.8842963855421687,1.0
30028735,0.8316541666666665,1.0
30040039,0.8881908256880734,1.0
30056098,0.715968,0.96
30063807,0.6643090909090908,0.9090909090909091
30080303,0.8807538461538461,1.0
30082363,0.5363208333333335,0.7708333333333334
30083933,0.7334913043478261,0.9130434782608695
30109319,0.8276250000000002,0.9285714285714286
30124216,0.7378250000000001,0.9772727272727273
30124359,0.626839024390244,0.8780487804878049
30124441,0.7362849999999999,0.975
30142663,0.8343000000000003,0.9859154929577465
30144539,0.7693166666666668,0.9333333333333333
30190256,0.8372098591549295,0.9577464788732394
30192770,0.8340714285714285,1.0
30192991,0.8255886363636364,0.9772727272727273
30193144,0.8518725000000001,1.0
30261678,0.864829411764706,1.0
30308613,0.8480272727272727,0.9696969696969697
30317406,0.8380266666666666,1.0
30420115,0.8588183333333334,0.9833333333333333
30491944,0.8450159420289854,0.9710144927536232
30550682,0.5943307692307692,0.8461538461538461
30557879,0.0,0.0
30576352,0.7216578947368422,0.9473684210526315
30577001,0.94645,1.0
30699166,0.8923000000000001,1.0
30702039,0.8593954545454546,1.0
30715471,0.856038888888889,0.9861111111111112
30760761,0.8659692307692304,0.9615384615384616
30760891,0.8102045454545453,0.9886363636363636
30880692,0.7815957894736841,0.9578947368421052
30921805,0.8376789473684212,1.0
30952483,0.6946272727272726,0.9090909090909091
30972710,0.8488979166666663,1.0
31058068,0.9430111111111111,1.0
31202998,0.8258800000000001,0.9
31233063,0.7456919999999999,0.88
31290151,0.8747607361963191,1.0
31326421,0.6806947368421052,0.9473684210526315
31327259,0.755672,0.98
31379054,0.70884375,0.9375
31433074,0.8642857142857144,1.0
31454348,0.872,1.0
31456662,0.9200333333333334,1.0
31464047,0.8125433333333336,0.9666666666666667
31505243,0.8099888888888889,0.8888888888888888
31555108,0.9059312500000001,1.0
31586834,0.8089363636363637,1.0
31633962,0.857870588235294,0.9705882352941176
31682287,0.7527869565217391,1.0
31684204,0.8414548387096776,0.9838709677419355
31727078,0.9108309523809522,0.9761904761904762
31740188,0.8440794871794868,0.9871794871794872
31791712,0.8242750000000001,0.9772727272727273
31795832,0.7693142857142857,0.8571428571428571
31796234,0.7611750000000002,1.0
31817674,0.8917666666666665,1.0
31856783,0.848007051282051,0.9743589743589743
31946180,0.8192909090909091,1.0
31952623,0.7948555555555555,0.9523809523809523
31976664,0.7443405797101448,0.9420289855072463
31977255,0.6804135135135135,0.8918918918918919
32009579,0.8207789473684212,1.0
32036808,0.7443658536585366,0.9512195121951219
32044895,0.8997363636363638,1.0
32175468,0.8276788461538462,0.9807692307692307
32235214,0.750193181818182,0.9772727272727273
32288245,0.5566,0.6666666666666666
32288430,0.8213163461538462,0.9807692307692307
32309352,0.6410833333333333,0.8333333333333334
32310759,0.9105485714285712,1.0
32333185,0.6449833333333334,0.9166666666666666
32334406,0.6628375,0.875
32351662,0.833575,1.0
32506577,0.9460357142857142,1.0
32512839,0.8140882352941174,1.0
32548284,0.8248528735632181,0.9770114942528736
32608994,0.8674777777777778,1.0
32624841,0.852945945945946,1.0
32658301,0.8571130434782609,1.0
32677907,0.8464499999999999,1.0
32689119,0.8343285714285715,1.0
32695265,0.84135,1.0
32728599,0.7777761904761905,0.9523809523809523
32780334,0.9917,1.0
32835191,0.87232,1.0
32856133,0.8811367346938775,1.0
32887707,0.9328444444444445,1.0
32981438,0.44405,0.5
33034176,0.8905599999999999,1.0
33111243,0.501,1.0
33136726,0.8673,1.0
33167649,0.838916,1.0
33180510,0.8568088235294117,1.0
33211242,0.7786269230769232,0.9615384615384616
33284153,0.8853083333333335,1.0
33291040,0.8594927999999998,1.0
33301547,0.8724044444444443,1.0
33309577,0.37438000000000005,0.6
33314388,0.9120307692307693,1.0
33361823,0.8114300000000002,1.0
33378621,0.8359069767441861,0.9767441860465116
33384562,0.7578,1.0
33388505,0.87995,1.0
33389220,0.8795,1.0
33422560,0.851156603773585,1.0
33438991,0.7382133333333335,0.8666666666666667
33515556,0.7789065217391304,0.9565217391304348
33599892,0.8999444444444443,1.0
33628210,0.8969252747252744,0.989010989010989
33674000,0.9069166666666665,1.0
33674585,0.8411666666666667,1.0
33700602,0.8261727272727272,0.9393939393939394
33701177,0.650142,0.9
33705130,-0.0534,0.0
33705140,0.8114142857142858,1.0
33706725,-0.30379999999999996,0.5
33707063,0.8808,1.0
33707581,0.91185,1.0
33707732,0.69284,0.8
33707811,0.7906,1.0
33763876,0.55065,1.0
33769453,0.6497492063492064,0.8888888888888888
33791372,0.895425,1.0
33820509,0.6438875000000001,0.9166666666666666
33821343,0.7739607142857142,0.9642857142857143
33823286,0.7861222222222222,0.8888888888888888
33828662,0.8822062499999999,1.0
33906926,0.9053,1.0
33907148,0.8831000000000001,1.0
33922942,0.9056481481481479,1.0
33929169,0.8757384615384614,0.9615384615384616
33961116,0.7358083333333333,0.9166666666666666
34047417,0.8651444444444444,1.0
34057880,0.9225850000000001,1.0
34100109,0.8126,1.0
34117029,0.8087166666666666,1.0
34165873,0.6685375000000001,0.875
34176839,0.6765249999999999,0.75
34221336,0.8812081081081083,0.972972972972973
34242088,0.9194764705882355,1.0
34300862,0.9271839285714284,1.0
34382491,0.7786,1.0
34468214,0.9212,1.0
34477631,0.880479365079365,0.9841269841269841
34502994,0.6994281250000001,0.90625
34505914,0.8834,1.0
34537350,0.7868,0.9
34555457,0.8217444444444444,0.8888888888888888
34566626,0.92784,1.0
34584604,0.61125,1.0
34584845,0.7912333333333333,1.0
34584887,0.617775,1.0
34587193,0.8638303030303028,1.0
34602703,0.8817249999999999,1.0
34635105,0.9006250000000001,1.0
34646336,0.8540913043478262,0.9855072463768116
34697506,0.8655545454545455,1.0
34704515,0.836,1.0
34707118,0.89786,1.0
34708584,0.8803300000000001,1.0
34737780,0.9512999999999999,1.0
34781012,0.9388428571428571,1.0
34830962,0.8813277777777777,0.9888888888888889
34859446,0.8555470588235293,1.0
34931349,0.7646400000000001,1.0
34933836,0.1714,0.5
34958631,0.6866555555555555,0.8888888888888888
34958910,0.89105,1.0
34960416,0.830995,1.0
35031335,0.911725,1.0
35118457,0.9063615384615384,1.0
35122629,0.8953999999999999,1.0
35141531,0.5669428571428571,0.7142857142857143
35145131,0.6799875,0.875
35149961,0.6679,0.8888888888888888
35153861,0.8769000000000001,1.0
35187289,0.82525,1.0
35286646,0.7402746031746033,0.9682539682539683
35293612,0.8610276595744685,1.0
35336748,0.7874875,0.875
35343436,0.9369421052631579,1.0
35363858,0.7716176470588235,1.0
35373218,0.830875,1.0
35403723,0.907025925925926,1.0
35469996,0.9646666666666667,1.0
35480463,0.7680416666666666,1.0
35526815,0.8697058823529411,1.0
35589909,0.53566,0.8
35590957,0.5621066666666668,0.8
35591504,0.7893869565217391,1.0
35592702,0.7402875000000001,1.0
35592983,0.6276857142857144,0.8571428571428571
35594330,0.6973199999999999,0.92
35622129,0.7364074074074075,0.9259259259259259
35648245,0.7807358490566034,0.9811320754716981
35649114,0.7771312499999998,1.0
35675717,0.82448,1.0
35712169,0.8989457142857142,1.0
35714431,-0.5789,0.0
35741903,0.5038805555555556,0.7777777777777778
35760337,0.8009425531914892,0.9787234042553191
35792139,0.6526571428571428,0.8571428571428571
35797492,0.926,1.0
35840396,0.8192870370370371,0.9814814814814815
35841559,0.7822425925925929,0.9814814814814815
35873016,0.9391,1.0
35909111,0.8930741379310344,1.0
35950501,0.896842105263158,1.0
35995017,0.8172593749999999,1.0
36024656,0.9257222222222222,1.0
36059002,0.6447583333333333,0.9166666666666666
36091455,0.643425,0.75
36095209,0.8187000000000001,0.9459459459459459
36104671,0.826904,1.0
36168009,0.7409166666666668,0.9833333333333333
36236950,0.7494583333333332,0.9166666666666666
36254645,0.8913368421052634,1.0
36259328,0.8736565217391304,1.0
36266662,0.9719,1.0
36327407,0.8507785714285715,1.0
36333157,0.9006538461538459,1.0
36347260,0.9436249999999999,1.0
36475059,0.8066229166666666,1.0
36477018,0.8866510638297873,1.0
36558333,0.8052,1.0
36577093,0.7521103448275861,0.9655172413793104
36600421,0.7690333333333333,1.0
36620888,0.7883717948717951,0.9487179487179487
36624963,0.76602,0.96
36748996,0.8839650000000001,1.0
36753820,0.8277999999999995,0.9696969696969697
36833289,0.9463610169491526,1.0
36836671,0.952990909090909,1.0
36858322,0.6699,0.875
36863262,0.8175799999999999,1.0
36864839,0.7914366666666665,1.0
36865282,0.6423,1.0
36927764,0.8868818181818182,1.0
36929135,0.8867791666666666,1.0
36968595,0.8710477611940298,0.9701492537313433
36993799,0.9428684210526314,1.0
37011594,0.8791916666666667,1.0
37183208,0.9052769230769232,1.0
37230992,0.894969230769231,0.9615384615384616
37244218,0.9619857142857142,1.0
37248621,0.7424294117647059,0.9215686274509803
37267843,0.9653,1.0
37281952,0.8101200000000001,1.0
37283863,0.6970083333333333,0.9166666666666666
37322353,0.962,1.0
37326922,0.8745777777777779,1.0
37381633,0.7576549999999999,0.95
37483548,0.8756749999999999,1.0
37514733,0.8085117647058824,0.9411764705882353
37545857,0.8969,1.0
37545893,0.91765,1.0
37546142,0.0,0.0
37546181,0.465225,0.75
37546260,0.6705,1.0
37546449,0.9716,1.0
37546523,0.7438272727272726,1.0
37546566,0.81645,1.0
37580315,0.5141888888888889,0.8333333333333334
37626970,0.3589,0.6666666666666666
37627244,0.8020857142857142,1.0
37627692,0.8004,1.0
37647924,0.8857328124999999,0.984375
37672505,0.701575,0.875
37673308,0.9129582278481012,0.9873417721518988
37733491,0.738725,0.9583333333333334
37743102,0.9121656249999999,1.0
37745165,0.6314363636363637,0.9090909090909091
37762338,0.722761111111111,1.0
37763876,0.6309785714285715,0.9285714285714286
37765417,0.511025,0.875
37831479,0.7974306122448981,0.9591836734693877
37901278,0.7465142857142856,0.9285714285714286
37904070,0.7090000000000001,1.0
37923194,0.86281,1.0
37923326,0.8082925925925927,1.0
37932575,0.8890052631578949,1.0
37960390,0.7524333333333333,1.0
37965704,0.821675,1.0
37978941,0.8803774193548388,1.0
37986767,0.6658333333333334,1.0
37988045,0.870712244897959,0.9795918367346939
38006805,0.8743,1.0
38015066,0.786409090909091,1.0
38016528,0.8175411764705883,1.0
38016691,0.8243512820512822,1.0
38033497,0.9277357142857143,1.0
38084190,0.8133153846153847,1.0
38090628,0.7289875,0.875
38118561,0.8659499999999999,1.0
38144218,0.8698461538461538,1.0
38147646,0.8795999999999999,1.0
38154671,0.7658888888888888,0.8888888888888888
38199615,0.8621067796610169,1.0
38211180,0.9658,1.0
38258674,0.4855666666666667,0.8333333333333334
38339857,0.8093823529411764,0.9705882352941176
38340866,0.8930176470588236,1.0
38349655,0.7861047619047619,0.9523809523809523
38351800,0.973,1.0
38352761,0.7264,1.0
38381247,0.8083781250000001,0.96875
38381902,0.7393954545454545,0.9545454545454546
38397566,0.8463941176470589,1.0
38474039,0.6475545454545455,0.9090909090909091
38559813,0.6305999999999998,0.9090909090909091
38561575,0.7003,1.0
38564555,0.6917478260869564,0.9130434782608695
38570247,0.4754,1.0
38592250,0.906,1.0
38620587,0.7371321428571429,1.0
38661065,0.8098000000000001,1.0
38738598,0.9199029411764705,1.0
38745548,0.4926,1.0
38746250,0.45305,0.5
38794377,0.924875,1.0
38835567,0.9423,1.0
38846803,0.8518161290322578,0.967741935483871
38904614,0.9150833333333335,1.0
38944103,0.7961066666666669,0.9333333333333333
39054518,0.9099357142857144,1.0
39057103,0.8555036363636362,0.9818181818181818
39103598,0.0,0.0
39110205,0.8510500000000001,1.0
39120729,0.7949105263157894,0.9473684210526315
39377596,0.80115,1.0
39457812,0.6471833333333333,0.8333333333333334
39475183,0.8304307692307694,1.0
39527992,0.8193999999999999,1.0
39528213,0.87856,1.0
39545681,0.8588,1.0
39569577,0.84554,1.0
39570221,0.8618,1.0
39577433,0.71374375,0.9375
39626441,0.7191785714285714,0.9285714285714286
39671221,0.92995,1.0
39671346,0.9168499999999999,1.0
39709127,0.9631,1.0
39724175,0.8982783333333332,1.0
39771346,0.8943050000000001,1.0
39807999,0.9088499999999999,1.0
39831002,0.7169500000000001,0.9166666666666666
39838010,0.8984833333333334,1.0
39908088,0.8889272727272727,1.0
39908302,0.9833,1.0
39914300,0.9287,1.0
39937209,0.6833,0.7777777777777778
39960472,0.48323333333333335,0.6666666666666666
39977014,0.0,0.0
39984560,0.812748148148148,0.9629629629629629
40006362,0.8049454545454545,0.9545454545454546
40027489,0.6279142857142856,0.8571428571428571
40045719,0.8061615384615384,0.9230769230769231
40063334,0.9832333333333333,1.0
40079127,0.6390444444444445,0.7777777777777778
40082573,0.7359526315789474,0.9473684210526315
40089334,0.878123076923077,1.0
40124949,0.8235611111111111,1.0
40129335,0.8779583333333334,1.0
40168473,0.9114750000000001,1.0
40171596,0.857859090909091,1.0
40232950,0.8470454545454547,1.0
40279315,0.7615999999999998,0.9
40303184,0.9043,1.0
40363536,0.7559833333333333,0.9166666666666666
40369082,0.780905,0.95
40377710,0.8271,1.0
40390796,0.79578,0.9333333333333333
40393536,0.047385714285714316,0.42857142857142855
40449381,0.8340099999999999,1.0
40463868,0.7647866666666665,0.9
40468365,0.7561199999999999,1.0
40519320,0.80968,1.0
40520829,0.882332142857143,1.0
40521527,0.765,1.0
40523863,-0.48385,0.0
40550795,0.765,1.0
40558723,0.9168800000000003,1.0
40564924,0.71144,1.0
40608331,0.7801749999999998,1.0
40631731,0.7823249999999999,1.0
40674073,0.8552384615384617,1.0
40676326,0.9100666666666667,1.0
40677764,0.9076299999999999,1.0
40697222,0.8882,1.0
40703092,0.8685700000000001,1.0
40714905,0.9143666666666667,1.0
40720167,0.4404,1.0
40720385,0.87956,1.0
40792729,0.8925793103448275,1.0
40796004,0.9243666666666667,1.0
40796549,0.4848444444444444,0.7777777777777778
40803098,0.9101842105263155,1.0
40805375,0.87476,1.0
40813734,0.8640914893617021,0.9787234042553191
40821630,0.936,1.0
40837090,0.8364250000000001,1.0
40854068,0.6369,1.0
40854693,0.35925,0.5
40883800,0.9741,1.0
40967366,0.907975,1.0
41020520,0.8303750000000001,1.0
41039549,0.9159545454545452,1.0
41135207,0.8420923076923079,1.0
41152055,0.9866999999999999,1.0
41224558,-0.2535,0.0
41224930,0.7117666666666667,1.0
41228849,0.19805,0.5
41259723,0.9131441176470586,1.0
41260910,0.7626,0.8333333333333334
41335846,0.88485,1.0
41336596,0.8060066666666666,0.9333333333333333
41347616,0.9009875,1.0
41375145,0.8928380952380951,1.0
41424070,0.8626666666666667,1.0
41442188,-0.9801,0.0
41442579,-0.2861333333333333,0.3333333333333333
41443100,0.079,1.0
41443280,-0.46045,0.0
41443898,0.34299999999999997,0.75
41445443,0.8493499999999999,1.0
41484623,0.9690666666666666,1.0
41497836,0.8190545454545455,1.0
41521803,0.88115,1.0
41521915,0.9673,1.0
41522936,0.9152,1.0
41547835,0.8059571428571429,1.0
41583546,0.908,1.0
41608303,0.7759571428571428,1.0
41629173,0.8692333333333333,1.0
41643734,0.5321888888888888,0.7777777777777778
41703247,0.6803619047619046,0.8809523809523809
41714153,0.92635,1.0
41714281,0.8014285714285714,1.0
41715835,0.85015,1.0
41739692,0.9312857142857142,1.0
41755946,0.806225,1.0
41779515,0.9373739130434781,1.0
41790846,0.8351599999999999,1.0
41810802,0.8592666666666666,1.0
41816616,0.53806,0.8
41853950,0.9098,1.0
41931803,0.91673125,1.0
41946820,0.8856187499999999,1.0
41951725,0.8400375,1.0
41959327,0.8473666666666667,1.0
42038513,0.8739916666666668,1.0
42057424,0.5923,0.8888888888888888
42087665,0.6790666666666665,0.9166666666666666
42107283,0.9356375,1.0
42134299,0.867335294117647,1.0
42196774,0.7938249999999999,1.0
42202418,0.8797,1.0
42252782,0.7952333333333333,1.0
42261018,0.9039988372093024,1.0
42267856,0.8219749999999999,1.0
42311214,0.7096,1.0
42326202,0.8491833333333334,1.0
42330348,0.8636499999999999,1.0
42332840,0.8526449999999999,0.975
42347659,0.6249,1.0
42369226,0.9249499999999999,1.0
42380549,0.9321833333333333,1.0
42385125,0.7304600000000001,0.9
42402995,0.7830333333333334,1.0
42403988,0.9274666666666668,1.0
42420843,0.916,1.0
42422747,0.669009090909091,0.8636363636363636
42423373,0.75370625,0.96875
42479995,0.9451333333333333,1.0
42502902,0.39423333333333327,0.6666666666666666
42532128,0.8311090909090908,0.9090909090909091
42560302,0.8735999999999999,1.0
42574180,0.9745,1.0
42601716,0.8246214285714285,1.0
42640274,0.849675,1.0
42664646,0.7648833333333332,1.0
42690375,0.8337666666666667,1.0
42709854,0.510875,0.75
42786066,0.8625,1.0
42810787,0.9821,1.0
42823052,0.9194695652173913,1.0
42874267,0.93,1.0
42938607,0.9775,1.0
42958740,0.8773666666666666,1.0
43164445,0.9248199999999999,1.0
43176437,0.8681625000000003,1.0
43304855,0.9126777777777778,1.0
43360492,0.9506333333333333,1.0
43409222,0.6777599999999999,1.0
43429783,0.8998769230769231,1.0
43513170,0.8598666666666667,1.0
43553873,0.76756,1.0
43655293,0.86005,1.0
43683691,0.6300888888888889,0.8888888888888888
43761494,0.9716,1.0
43762200,0.8631428571428572,1.0
43826937,0.7137521739130436,0.9130434782608695
43926221,0.8805,1.0
43934998,0.93175,1.0
43949762,-0.2844,0.0
43957587,0.7654315789473685,0.9473684210526315
43978778,0.7284499999999999,0.875
43982957,0.944225,1.0
43990383,0.8297090909090908,1.0
43997957,0.6370833333333334,0.8333333333333334
44044351,0.9119999999999999,1.0
44070173,0.44220000000000004,1.0
44079705,0.8236333333333333,1.0
44080590,0.8946730769230768,1.0
44085131,0.591425,0.75
44091501,0.80985,1.0
44098413,0.8475761904761906,1.0
44119632,0.91254,1.0
44146501,0.838525,1.0
44147331,0.876,1.0
44148271,0.74825,1.0
44237256,0.7341,1.0
44243987,0.8504999999999999,1.0
44271822,0.895453846153846,1.0
44274784,0.8197,1.0
44278170,0.6815333333333333,0.9166666666666666
44288816,-0.5719,0.0
44289782,0.9474333333333332,1.0
44290430,0.88100625,1.0
44299250,0.73058,1.0
44302156,0.9522,1.0
44316683,0.9134,1.0
44327490,0.7003,1.0
44348593,0.7626111111111111,1.0
44353419,0.8689,1.0
44369739,0.8384125000000001,1.0
44369953,0.31165,0.5
44370086,0.8673000000000001,1.0
44378286,0.5994,1.0
44384310,0.7734,1.0
44385020,0.9120230769230768,1.0
44386805,0.7144166666666667,0.9166666666666666
44388002,0.9412200000000001,1.0
44415326,0.7857166666666666,1.0
44429925,0.7971874999999999,1.0
44456658,0.9107222222222222,1.0
44456870,0.9217,1.0
44511727,0.91205,1.0
44518119,0.8544222222222222,1.0
44523848,0.9271684210526315,1.0
44526622,0.83862,1.0
44528256,0.541575,0.75
44529341,0.4566666666666667,0.6666666666666666
44548587,0.8592,1.0
44554165,0.93605,1.0
44557861,0.6879142857142856,0.8571428571428571
44607272,0.9347,1.0
44607769,0.813575,1.0
44608657,0.8249249999999999,1.0
44610315,0.8624304347826086,0.9565217391304348
44644873,0.6124999999999999,0.8888888888888888
44652099,0.9640666666666666,1.0
44657056,0.9371,1.0
44683860,0.9569000000000001,1.0
44740596,0.871475,1.0
44781050,0.90965,1.0
44782777,0.9136,1.0
44941551,0.9505,1.0
45007294,0.8628,1.0
45095957,0.8271,1.0
45096180,0.8913333333333333,1.0
45096409,0.8571500000000001,1.0
45098076,0.9244,1.0
45151409,0.836,1.0
45159406,0.6588,1.0
45192820,0.62585,1.0
45279689,0.9045000000000001,1.0
45282639,0.5574,1.0
45284159,0.8072,1.0
45284266,0.9726,1.0
45286013,0.7949,1.0
45287246,0.9587,1.0
45293421,0.9686,1.0
45299487,0.926625,1.0
45326472,0.9382,1.0
45344867,0.9716,1.0
45357444,0.84065,1.0
45362067,0.7425,1.0
45409850,0.95575,1.0
45418201,0.9498,1.0
45430308,0.0,0.0
45447791,0.7081500000000001,1.0
45458953,0.9412,1.0
45468126,0.8746,1.0
45468130,0.0,0.0
45474074,0.9186,1.0
45488691,0.8417749999999999,1.0
45490980,0.9706,1.0
45522164,0.2263,1.0
45522386,0.4215,1.0
45557867,0.96865,1.0
45558834,0.9166,1.0
45763185,0.83405,1.0
45810069,0.9439,1.0
45820078,0.877,1.0
45935280,0.9568,1.0
